0
"8720 Acuarela Court, Austin, TX, 78725"
"555 E. 5th St, #3127, Austin, TX, 78701"
"555 E 5th St, #3127, Austin, TX, 78701"
"4001 Maple Ave #600, Dallas, TX, 75219"
"201 Brandon Way, Austin, TX, 78733"
"202 Nueces St., #3201, Austin, TX, 78701"
"PO Box 3188, Los Altos, CA, 94024"
"5817 Wilcab Rd, #7, Austin, TX, 78721"
"790 LAKEVIEW DR, Miami Beach, FL, 33140"
"7 Nob Hill Circle, Austin, TX, 78746"
"311 Bowie Street, Austin, TX, 78703"
"1722 San Remo Drive, Pacific Palisades, CA, 90272"
"3300 Greenlee Drive, Austin, TX, 78703"
"5812 Trade Center Dr, #100, Austin, TX, 78744"
"10 Windsor Court, Purchase, NY, 10577"
"3400 Steck Avenue, Austin, TX, 78757"
"601 N. Key Ave, Lampasas, TX, 76550"
"301 West Ave, Apt 2703, 2703, Austin, TX, 78701"
"7904 Big View Dr, Austin, TX, 78730"
"1367 Patterson Rd, Austin, TX, 78733"
"3939 Bee Cave Road, West Lake Hills, TX, 78746"
"408 Fannin Ave, Round Rock, TX, 78664"
"1600 Mount Larson Rd, Austin, TX, 78746"
"808 Baylor St., Austin, TX, 78703"
"4220 River Garden Trail, Austin, TX, 78746"
"1609 Patterson Road, Austin, TX, 78733"
"548 Market St., San Francisco, CA, 94104"
"601 N. Key Ave, Lampasas, TX, 76550"
"2725 Rocky Mountain Ave , Ste 200, Loveland, CO, 80538"
"6334 Pumpernickel Ln, Monroe, NC, 28110"
"210 Lavaca Street, 3702, Austin, TX, 78701"
"1109 E. 17th St, Georgetown, TX, 78726"
"2210 Windsor Rd, Austin, TX, 78703"
"98 San Jacinto Blvd #510, Austin, TX, 78701"
"5908 overlook, Austin, TX, 78731"
"11675 Jollyville Road, Austin, TX, 78759"
"12200 Stemmons Freeway #100, Dallas, TX, 75234"
"601 Congress Ave. , Ste 700, Austin, TX, 78701"
"301 West Ave, 4304, Austin, TX, 78701"
"6617 Soter Pkwy, Austin, TX, 78735"
"301 West Ave, Apt 4304, Austin, TX, 78701"
"12989 Research Blvd, Austin, TX, 78750"
"4 Woodstone Square, Austin, TX, 78703"
"5121 East Howard Lane, Manor, TX, 78653"
"7000 North Mopac Expressway #200, Austin, TX, 78731"
"1780 S. Post Oak Ln, Houston, TX, 77056"
"4301 Island Ave, Austin, TX, 78731"
"104 Marshal Court, Georgetown, TX, 78628"
"PO Box 6210, Roundrock, TX, 78683"
"68 Sundown Parkway, Austin, TX, 78746"
"2420 Harris Blvd, Austin, TX, 78703"
"101 Colorado Street, 2208, Austin, TX, 78701"
"P.O. Box 142226, Austin, TX, 78714"
"2610 Allston Lane, Austin, TX, 78746"
"3806 Agape Lane, Austin, TX, 78735"
"6009 Eleos Circle, Austin, TX, 78735"
"PO Box 162883, Austin, TX, 78716"
"3148 Above Stratford Pl, Austin, TX, 78746"
"3148 Above Stratford Pl, Austin, TX, 78746"
"3700 Bee Caves Rd, , Suite 102, Austin, TX, 78746"
"PO BOX 162304, Austin, TX, 78716"
"PO BOX 162304, Austin, TX, 78716"
"PO BOX 162304, Austin, TX, 78716"
"3800 Southwest Fwy, #300, Houston, TX, 77027"
"373 King Arthur Ct, Austin, TX, 78746"
"2202 West 10th Street, Austin, TX, 78703"
"360 Nueces St, #2404, Austin, TX, 78701"
"300 S Indian Springs Dr 10215, Jackson, WY, 83001"
"9475 E Hwy 290, Austin, TX, 78724"
"6100 N. Pennsylvania, Oklahoma City, OK, 73112"
"2515 Wooldridge Dt, Austin, TX, 78703"
"2415 McCall Rd, Austin, TX, 78703"
"1400 Shannon Oaks Trl, Austin, TX, 78746"
"PO Box 9086, Austin, TX, 78766"
"303 Laurelwood Trail, Austin, TX, 78746"
"2515 Wooldridge Dr, Austin, TX, 78703"
"17141 Rocky Ridge Rd, Austin, TX, 78734"
"1403 Kinney Avenue, Austin, TX, 78704"
"2463 Westlake Drive, APT 2924, Austin, TX, 78746"
"2956 Westlake Drive, Austin, TX, 78746"
"907 South Congress Avenue, Austin, TX, 78704"
"70 Rainey Street, 2901, Austin, TX, 78701"
"6503 Santolina Cv, Austin, TX, 78731"
"1701 Wild Basin Ledge, Austin, TX, 78746"
"70 rainey street #2006, Austin, TX, 78701"
"4638 S Lamar Blvd, Austin, TX, 78745"
"3112 Windsor Rd., Ste A142, Austin, TX, 78703"
"3267 Bee Cave Rd,  Ste 107, Austin, TX, 78746"
"1107 West Monroe Street, Austin, TX, 78704"
"3803 Balcones Drive, Austin, TX, 78731"
"3205 Rain Dance, Austin, TX, 78746"
"3871 East University Avenue, #101, Georgetown, TX, 78626"
"1615 Mohle Dr, Austin, TX, 78703"
"1708 Windsor Road, Austin, TX, 78703"
"P O Box 684847, Austin, TX, 78768"
"1606 Watchhill Rd, Austin, TX, 78703"
"2510 Rutland Drive, Austin, TX, 78758"
"11309 Pickfair Drive, Austin, TX, 78750"
"3807 Woodbrook Circle, Austin, TX, 78759"
"3201 Bee Cave Rd Ste 120, Austin, TX, 78746"
"12809 Cricoli Drive, Saxony, Austin, TX, 78739-2136"
"70 Rainey Street, Apt 2301, Apt 2301, Austin, TX, 78701"
"504 West 13th Street, Austin, TX, 78701"
"1409 Kent Lane, Austin, TX, 78703"
"3839 Bee Cave Road, 203, Austin, TX, 78746"
"1200 Barton Creek Blvd, Apt 61, Austin, TX, 78735"
"301 Bent Tree Ct, Austin, TX, 78746"
"4505 Duval St, Austin, TX, 78751"
"11012 Swelfling Ter, Austin, TX, 78737"
"3801 N Capital of Texas Highway, Suite E240, Austin, TX, 78746"
"18109 Hideaway Cv, Dripping Spgs, TX, 78620"
"200 Congress Avenue, Unit 12AC, Austin, TX, 78701"
"327 Congress Suite 200, Austin, TX, 78701"
"1905 Ringtail Rdg, Austin, TX, 78746"
"2504 Jarratt Ave, Austin, TX, 78703"
"110 San Antonio Street, Apt 3511, Austin, TX, 78701"
"2300 E. Cesar Chavez St, Austin, TX, 78702"
"3312 Pecos St, Austin, TX, 78703"
"5600 Terravista Dr, Austin, TX, 78735"
"1708 Rockmoor Avenue, Austin, TX, 78703"
"210 Lavaca Street, 2304, Austin, TX, 78701"
"PO Box 26098, Austin, TX, 78755"
"4801 Hawkhaven Lane, Austin, TX, 78727"
"8711 Johnny Morris Rd, Austin, TX, 78724"
"301 West Ave #4405, Austin, TX, 78701"
"4704 Chesney Ridge Drive, Austin, TX, 78749"
"11604 Broad Oaks Dr, Austin, TX, 78759"
"6201 Soter Parkway, Austin, TX, 78735"
"4638 South Lamar Boulevard, Austin, TX, 78745"
"3813 Agape Lane, Austin, TX, 78735"
"500 E 4th St., 313, Austin, TX, 78701"
"2910 East 2nd Street, Austin, TX, 78702"
"2901 Bowman Ave, Austin, TX, 78703"
"2917 Waterbank Cove, Austin, TX, 78746"
"4408 Long Champ Dr #13, Austin, TX, 78746"
"2620 Harris Blvd, Austin, TX, 78703"
"614 Blanco Street, Austin, TX, 78703"
"PO Box 2227, Austin, TX, 78768"
"3903 Woodchester Ln, Austin, TX, 78727"
"5002 Sevan Cove, Austin, TX, 78731"
"3412 Mt Barker, Austin, TX, 78731"
"401 Guadalupe Street, 2006, Austin, TX, 78701"
"304 Vale Street, Rollingwood, TX, 78746"
"1309 Winkler Ave Apt 436, Killeen, TX, 76542-6483"
"3103 Harris Blvd, Austin, TX, 78703"
"706B W Ben White Blvd, Suite 240B, Austin, TX, 78704"
"4814 Twin Valley Dr, Austin, TX, 78731"
"7109 waterline road, Austin, TX, 78701"
"1512 West 30th Street, Austin, TX, 78703"
"3200 Riva Ridge Road, Austin, TX, 78746"
"5003 North Rim Drive, Austin, TX, 78731"
"903 Mariposa Drive, Austin, TX, 78704"
"500 West 5th Street, Ste 750, Austin, TX, 78701"
"3108 Above Stratford Place, Austin, TX, 78746"
"4500 Ocean Dr #6C, Corpus Christi, TX, 78412"
"2310 Cypress Point West, Austin, TX, 78746"
"98 San Jacinto Blvd #1100, Austin, TX, 78701"
"3303 Northland Dr #212, Austin, TX, 78731"
"1805 Stoneridge Terrace, Austin, TX, 78746-7733"
"704 West Mary Street, Austin, TX, 78704"
"1605 Willow Street, Austin, TX, 78702"
"11302 Pollyanna AVe., Austin, TX, 78753"
"210 Lavaca Street, Austin, TX, 78701"
"3702 Gilbert Street, 3702 Gilbert St., Austin, TX, 78703"
"1407 Patterson Ln, Austin, TX, 78733"
"200 Congress Avenue, 33FF, Austin, TX, 78701"
"5214 Buckman Mountain Rd., Austin, TX, 78746"
"1509 Murray Lane, Austin, TX, 78703"
"3103 Harris Blvd, Austin, TX, 78703"
"3103 Bee Cave Road, 102, Austin, TX, 78746"
"5105 Evergreen Court, Austin, TX, 78731"
"107 Lago Verde Road, Austin, TX, 78734"
"10102 Murmuring Creek Dr, Austin, TX, 78736-2933"
"3801 North Capital of Texas Highway, Austin, TX, 78746"
"3215 Aztec Fall Cove, Austin, TX, 78746"
"2208 Euclid Avenue, Austin, TX, 78704"
"110 San Antonio Street, 3019, Austin, TX, 78701"
"2502 Velasquez Dr, Austin, TX, 78703"
"3412 Stratford Hills Lane, Suite 301B, Austin, TX, 78746"
"4703 Crestway Drive, Austin, TX, 78731"
"1910 Bremen, Austin, TX, 78703"
"PO Box 151538, Austin, TX, 78715"
"98 San Jacinto Blvd, Austin, TX, 78701"
"2215 Westlake Drive, Austin, TX, 78746"
"4210 ave c, Austin, TX, 78751"
"4601 Dusik Lane, Austin, TX, 78746"
"2500 Spring Lane, Austin, TX, 78703"
"1112 West 9th Street, Austin, TX, 78703"
"11207 Jordan Ln, Austin, TX, 78758"
"12881 Park Drive, 10610 Spicewood Pkwy, Austin, TX, 78732"
"4700 Toreador Drive, Austin, TX, 78746"
"100 Wood Trail, Austin, TX, 78746"
"2910 Edgewater, Austin, TX, 78733"
"808 West Ave., Austin, TX, 78701"
"315 S Congress Ave, Suite 200, Austin, TX, 78704"
"1213 Alegria Road, Austin, TX, 78757"
"11313 Hollister Drive, Austin, TX, 78739"
"3317 Westlake Drive, Austin, TX, 78746"
"1804 Vista Lane, Austin, TX, 78703"
"PO Box 162810, Austin, TX, 78716"
"11941 Overlook Pass, Austin, TX, 78738"
"2305 Woodlawn Blvd., Austin, TX, 78703"
"12728 Picket Rope Lane, Austin, TX, 78727"
"4501 Spanish Oak Trail, Austin, TX, 78731"
"520 Beardsley Lane, Austin, TX, 78746"
"200 Congress Avenue Unit 24F, Austin, TX, 78701"
"2918 Ranch Road 620 N, Austin, TX, 78734-2251"
"13007 El Camino Rd., Austin, TX, 78727-1806"
"2310 South 4th Street, Austin, TX, 78704"
"200 Congress Avenue, 220, Austin, TX, 78701"
"901 Baylor Street, Austin, TX, 78703"
"11301 Kingsgate Drive, Austin, TX, 78748"
"1901 Parker Lane, #61, Austin, TX, 78741"
"3106 , Fontana Dr #A, Austin, TX, 78704"
"4501 Spanish Oak Trail, Austin, TX, 78731"
"2209 east windsor, Austin, TX, 78703"
"222 West Ave, #1401, Austin, TX, 78701"
"3111 Westlake Drive, Austin, TX, 78746"
"5916 Gorham Glen Ln, Austin, TX, 78739"
"222 West Avenue, Unit 2001, Austin, TX, 78701"
"919 Congress Avenue, Suite 550, Austin, TX, 78701"
"6401 Soter Parkway, Austin, TX, 78735"
"PO Box 10169, Austin, TX, 78766"
"1122 Colorado St. #2204, Austin, TX, 78701"
"10613 Camillia Blossom Ln., Austin, TX, 78748"
"17200 Raynham Hill DR, Austin, TX, 78738"
"7112 Othello Cove, Austin, TX, 78735"
"2614 Maria Anna Road, Austin, TX, 78703"
"3704 Soaring Eagle Cove, Austin, TX, 78746"
"2400 Pruett Street, Austin, TX, 78703"
"2101 Rivers Edge Way, 7, Austin, TX, 78741"
"5704 Travis Green Lane, Austin, TX, 78735"
"4712 Paraiso Pkwy, Austin, TX, 78738"
"812 Stonewall Ridge Lane, Austin, TX, 78746"
"1701 Legends Parkway, Kingsland, TX, 78639"
"6221 Spanish Oaks Club Blvd, Austin, TX, 78738"
"210 Lavaca ST, 2706, Austin, TX, 78701"
"5012 Rollingwood Drive, Rollingwood, TX, 78746"
"4905 Placid Place, Austin, TX, 78731"
"2803 Pecos St, Austin, TX, 78703"
"1601 Lost Creek Blvd, Austin, TX, 78746-6131"
"6304 Belo Horizonte Circle, Austin, TX, 78731"
"2902 angelfire ln, Austin, TX, 78746"
"P.O. Box 26832, P.O. Box 26832, Austin, TX, 78755"
"1201 Pasaguarda Dr, Austin, TX, 78746"
"4911 Mantle Drive, Austin, TX, 78746"
"1400 Hardouin Ave, Austin, TX, 78703"
"4009 Sabio Dr #164, Austin, TX, 78749"
"1500 Senic Dr #105, Austin, TX, 78703"
"4003 Greenhill Place, Austin, TX, 78759"
"8609 Cobblestone, Austin, TX, 78735"
"300 Baylor Street, Austin, TX, 78703"
"7004 Fort Hill Court, Austin, TX, 78757"
"PO BOX 200760, Austin, TX, 78720"
"1400 Hardouin Ave, Austin, TX, 78703"
"54 Rainey Street, 509, Austin, TX, 78701"
"2706 Maria Anna Rd, Austin, TX, 78703"
"2405 Rockmoor Ave, Austin, TX, 78703"
"3305 Northland Dr #101, Austin, TX, 78731"
"11817 Yaupon Holly Lane, Austin, TX, 78738"
"4509 Bunny Run, Austin, TX, 78746"
"1001 Gaston Avenue, Austin, TX, 78703"
"5511 Lands End, Austin, TX, 78734"
"1309 Winkler Ave Apt 436, Apt 436, Killeen, TX, 76542-6483"
"197 Republic Dr Ste 1, Kyle, TX, 78640"
"PO Box 202695, Austin, TX, 78720"
"98 San Jacinto Blvd #2704, Austin, TX, 78701"
"2501 TOWER DR, Austin, TX, 78703"
"3400 Happy Hollow Lane, Austin, TX, 78703"
"829 Stonewall Ridge Ln, Austin, TX, 78746"
"4802, Flicker Ln, Austin, TX, 78744"
"9110 Bayshore Bend, Austin, TX, 78726"
"8153 Meandering Way, Austin, TX, 78759"
"5515 Balcones Drive, Austin, TX, 78731"
"4304 Long Champ Dr, Austin, TX, 78746"
"1710 Forest Trl, Austin, TX, 78703"
"200 Congress Ave, 36 H, Austin, TX, 78701"
"5545 Hero Drive, Austin, TX, 78735"
"18500 Rio Chama Lane, Austin, TX, 78738"
"301 West Avenue, Austin, TX, 78701"
"602 E. 43rd st, Austin, TX, 78751"
"8021 Bottlebrush Drive, Austin, TX, 78750"
"518 Oakwood Boulevard, Round Rock, TX, 78681"
"5724 Tahoma Pl, Austin, TX, 78759"
"7301 RR 620 N, ste 155-330, Austin, TX, 78726"
"3411 Bonnie Road, Austin, TX, 78703"
"1705 Juliet Street, Austin, TX, 78704"
"1000 East 14th Street, Austin, TX, 78702"
"6307 Mercedes Bend, Austin, TX, 78759"
"7704 Blue Lilly Dr, Austin, TX, 78759"
"4127 River Garden Trail, Austin, TX, 78746"
"8506 Dorotha Ct, Austin, TX, 78759"
"919 Congress Ave, Suite 1020, Austin, TX, 78701"
"3711 Greenway St, Austin, TX, 78705"
"12204 Bar X, Austin, TX, 78727"
"4400 Island Cove, Austin, TX, 78731"
"1609 Barclay Dr, Austin, TX, 78746-7312"
"4024 Pinckney Street, Austin, TX, 78723"
"8514 Lime Creek Road, Volente, TX, 78641"
"311 West 5th Street, 903, Austin, TX, 78701"
"5802 Rising Hills Dr, Austin, TX, 78759"
"7100 Dunkirk Dr, Austin, TX, 78736"
"1404 Shannon Oaks Trail, Austin, TX, 78746"
"7608 Journeyville Dr, Austin, TX, 78735"
"3000 Lakeline Blvd Apt 1133, Leander, TX, 78641"
"POB 50209, Austin, TX, 78763"
"1009 Harwood Place, Austin, TX, 78704"
"507, Bowcross Pt, Austin, TX, 78738"
"54 Rainey St, 1004, Austin, TX, 78701"
"301 West Ave, 5301, Austin, TX, 78701"
"5104 Ponderosa Pkwy, Austin, TX, 78727-5731"
"4112 Paint Rock Drive, Austin, TX, 78731"
"11713 Norwegian Wood Dr, Austin, TX, 78758"
"1209 West 5th Street, Austin, TX, 78703"
"9718 Tree Bend Drive, Austin, TX, 78750"
"3630 Lost Creek Boulevard, Austin, TX, 78735"
"1411 Northwood Road, Austin, TX, 78703"
"10306 SAUSALITO DRIVE, Austin, TX, 78759"
"7901 E Ben White Blvd, Austin, TX, 78744"
"2802 Pecos St, Austin, TX, 78703"
"4502 Placid Place, Austin, TX, 78731"
"6917 Sunset Ridge Way, Jonestown, TX, 78645"
"3103 Fleece Flower CV Austin TX, Austin, TX, 78735"
"3921 Threadgill Street, Austin, TX, 78723"
"8841 Chalk Knoll Dr., Austin, TX, 78735"
"1701 Jackpot Run, Leander, TX, 78641"
"21912 Briarcliff Dr, Briarcliff, TX, 78669"
"4912 Quick Water Cove, Austin, TX, 78735"
"1000 Suffolk Ct, Cedar Park, TX, 78613"
"3812 Agape Lane, Ste 152, Austin, TX, 78735"
"1801 S Mopac, Suite 100, Austin, TX, 78746"
"7421 Burnet Rd, 266, Austin, TX, 78757"
"1101 Belmont Parkway, Austin, TX, 78703"
"815 Columbus Street, Austin, TX, 78704"
"6605 Dogwood Creek Dr, Austin, TX, 78746"
"140 Birnam Wood Court, Austin, TX, 78746"
"8912 Hachita Drive, Austin, TX, 78749"
"1301 Casey st, Unit B, Austin, TX, 78745"
"4701 Greystone Drive, Austin, TX, 78731"
"2401 Westlake Pass, Austin, TX, 78746"
"1600 S 5th St, Austin, TX, 78704"
"9701 Anchusa Trail, Austin, TX, 78736"
"7810 Davida Ct, Austin, TX, 78735"
"3132 Honey Tree Lane, Austin, TX, 78746"
"4007 Hambletonian, Austin, TX, 78746"
"304 Bent Tree Court, West Lake Hills, TX, 78746"
"1801 Lavaca Street 7G, Austin, TX, 78701"
"3801 Travis Country Circle, Austin, TX, 78735"
"5900 Republic of Texas Blvd, Austin, TX, 78735"
"4904 Quick Water Cove, Austin, TX, 78735"
"1507 West Virginia Ave NE, Washington, DC, 20002"
"10802 Windridge Dr, Austin, TX, 78759-7011"
"4612 Trail Crest Circle, Trail Crest Circle, Austin, TX, 78735"
"8008 Bottlebrush Dr, Austin, TX, 78750"
"165 Black Buck Ridge, Round Rock, TX, 78663"
"3700 Mission Creek Drive, Austin, TX, 78735"
"808 Cumberland Road, B, Austin, TX, 78704"
"210 Lavaca Street, 2208, Austin, TX, 78701"
"2000 Bouldin Avenue, Austin, TX, 78704"
"6508 W., Austin, TX, 78730"
"PO BOX 12504, Austin, TX, 78711"
"4625 Muskdeer Drive, Austin, TX, 78749"
"7401 Stonecliff Cv, Austin, TX, 78731"
"1308 Cardinal Hill Circle, Austin, TX, 78758"
"4612 Ramsey Ave, Austin, TX, 78756"
"6602 Lost Horizon Dr, Austin, TX, 78759"
"1900 Barton Springs Road, Austin, TX, 78704"
"2303 Townes Lane, Austin, TX, 78703"
"8504 Del Mesa Lane, Austin, TX, 78759"
"5221 Scout Island Circle South, Austin, TX, 78731"
"7800 Bettis Trophy Dr., Austin, TX, 78739"
"4512 Unity Circle, Austin, TX, 78731"
"5312 Park Hollow Lane, Austin, TX, 78746"
"3701 Hidden Estates Dr, Austin, TX, 78727"
"5737 Republic of Texas Blvd, Austin, TX, 78735"
"13 Ehrlich Road, Austin, TX, 78746"
"8501Ranchland Hills Cove, Jonestown, TX, 77645"
"1005 South Shepherd Drive, Houston, TX, 77019"
"1502 Brentwood Street, Austin, TX, 78757"
"3911 Sierra Drive, Austin, TX, 78731"
"6202 Shoal Creek Dr, Austin, TX, 78757"
"1700 W 31st St., Austin, TX, 78703"
"12741 Magnolia Mound Trail, Austin, TX, 78727"
"5512 Fort Bendton Dr, Austin, TX, 78735"
"1224 Havre Lafitte Dr, Austin, TX, 78746"
"5345 Westminster Drive, 5345 Westminster Dr., Austin, TX, 78723"
"7504 Silvercrest Drive, Austin, TX, 78757"
"10422 TURNBULL LOOP, Austin, TX, 78717"
"2900 Pecos Street, Austin, TX, 78703"
"10106 Shinnecock Hills Dr, Austin, TX, 78747"
"5616 S 1st St, Unit 16, Austin, TX, 78745"
"4102 bennedict lane, Austin, TX, 78746"
"300 Bowie St, Unit 3401, Austin, TX, 78703"
"2624 Tom Miller St, Austin, TX, 78723"
"360 Nueces Street, 2511, Austin, TX, 78701"
"214 Barton Springs Road, Austin, TX, 78704"
"10711 Twisted Elm Dr, Austin, Austin, TX, 78726"
"2413 Indian Trail, Austin, TX, 78703"
"5916 Fairlane Drive, Austin, TX, 78757"
"360 Nueces st, apt 2810, Austin, TX, 78701"
"9220 Mystic Oaks Trail, Austin, TX, 78750"
"1402 Ethridge Avenue, Austin, TX, 78703"
"6801 Depaul Cove, Austin, TX, 78723"
"6506 Mesa Dr., Austin, TX, 78731"
"3302 Riva Ridge Road, Austin, TX, 78746"
"8110 Ranch Road 2222, 93, Austin, TX, 78730"
"1305 East 6th Street, Austin, TX, 78702"
"512 E. Ricerside Dr #200, Austin, TX, 78704"
"2200 Bordley Dr, Austin, TX, 78748"
"4909 Timberline Drive, Austin, TX, 78746"
"4704 Hawkhaven Ln, Austin, TX, 78727"
"3704 Eastledge Dr, Austin, TX, 78731"
"11930 Bittern Hollow, Austin, TX, 78758"
"3303 Whitepine Drive, Austin, TX, 78757"
"13492 Research Blvd #120, Austin, TX, 78750"
"3000 Savoy Place, Austin, TX, 78757"
"10904 Pinehurst Dr, Austin, TX, 78747"
"2605 Westlake Drive, Austin, TX, 78746"
"525 E Live Oak St, Austin, TX, 78704"
"13122 Bidwell Drive, Austin, TX, 78729"
"3506 Enfield Rd, 103, Austin, TX, 78703"
"8209 Two Coves Drive, Austin, TX, 78730"
"3802 Hidden Hollow, Austin, TX, 78731"
"1677 Buffehr Creek Road, Vail, CO, 81657"
"4203 Berkman Drive, Austin, TX, 78723"
"1507 Westover Road, Austin, TX, 78703"
"5406 Bull Run Cir, Austin, TX, 78727"
"555 E. 5th Street, Unit 907, Austin, TX, 78701"
"3201 Aldwyche Drive, Austin, TX, 78704"
"508 Chihuahua Trail, Austin, TX, 78745"
"11103 Aerie Cove, Austin, TX, 78759"
"1606 Shannon Oaks Trail, Austin, TX, 78746"
"4215 Tallowood Drive, Austin, TX, 78731"
"300 Bowie St, #3202, Austin, TX, 78703"
"11007 Cut Plains Loop, Austin, TX, 78726"
"6606 Beckett Rd, Austin, TX, 78749"
"4913 Westview Dr., Austin, TX, 78731"
"4909 Timberline Drive, Austin, TX, 78746"
"1405 Foxwood Cove, Austin, TX, 78704"
"1904 Berkeley Avenue, Austin, TX, 78745"
"10537 Grand Oak Circle, Austin, TX, 78750"
"4110 Bunny Run, #5, Austin, TX, 78746"
"2810 Welton Cliff Dr, Cedar Park, TX, 78613"
"6604 Three Oaks Circle, Austin, TX, 78759"
"4913 Westview Drive, Austin, TX, 78731"
"3406 Cascadera Dr, Austin, TX, 78731"
"6306 Mauna Kea Dr, Austin, TX, 78746"
"4300 Bellvue Ave, Austin, TX, 78756"
"8201 Senic Ridge Cove, Austin, TX, 78735"
"801 Barton Boulevard, 801 Barton Blvd, Austin, TX, 78704"
"6205 Spicebrush Cove, Austin, TX, 78759"
"11409 Kingsgate Dr, Austin, TX, 78748"
"3625 Peregrine Falcon Drive, Austin, TX, 78746"
"3401 Northwood Circle, Austin, TX, 78703"
"5122 Pepper Lane, Austin, TX, 78744"
"5807 Fox Chapel Dr., Austin, TX, 78746"
"4111 Ridgeline Dr, Austin, TX, 78731"
"7315 Roaring Springs Dr, Austin, TX, 78736"
"147, Lear Avenue, Buda, TX, 78610"
"2507 Bridle Path, Austin, TX, 78703"
"9425 Hopeland Drive, Austin, TX, 78749"
"2309 , W. 9th St., Austin, TX, 78703"
"11000 Anderson Mill Rd, Austin, TX, 78750"
"1602 Crested Butte, Austin, TX, 78746"
"2302 Vassal Drive, Ste 800, Austin, TX, 78748"
"2606 Lindsey Cv, Austin, TX, 78748"
"4711 Franklin Park Drive, Austin, TX, 78744"
"1303 Azie Morton Rd, 2, Austin, TX, 78704"
"4404 Sacred Arrow Drive, Austin, TX, 78735"
"4220 Arrow Wood Road, Cedar Park, TX, 78613"
"4004 Petra Path, Austin, TX, 78731"
"202 Nueces St, Unit 1603, Austin, TX, 78701"
"5404 Manchaca Road, Austin, TX, 78745"
"1900 Canterbury Street, Austin, TX, 78702"
"14012 Genesee Trl, Austin, TX, 78717"
"3919 Sierra Dr, Austin, TX, 78731"
"2500 Niemann Drive, Austin, TX, 78748"
"1802 Forrest Trail, Austin, TX, 78703"
"4609 1/2 Harmon Avenue, Austin, TX, 78751"
"5709 Gloucester Lane, Austin, TX, 78723"
"7605 Holly Oak Circle, Austin, TX, 78744"
"905 N Weston Ln, Austin, TX, 78733"
"5453 Burnet Road, 129, Austin, TX, 78756"
"3329 Perry Ln, Austin, TX, 78731"
"2715 Mountain Laurel Lane, Austin, TX, 78703"
"P.O. Box 50496, Austin, TX, 78763"
"7802 Wildcat Pass, Austin, TX, 78757"
"3701 Capistrano Trail, Austin, TX, 78739"
"1503 Marshall Ln, Austin, TX, 78703"
"1717 West 6th Street, Suite 238, Austin, TX, 78703"
"10722 River Plantation Dr, Austin, TX, 78747"
"5418 Tortuga Trail, Austin, TX, 78731"
"2406 Rockingham Circle, Austin, TX, 78704"
"2503 Jarratt Avenue, Austin, TX, 78703"
"3405 Mountain Top, Austin, TX, 78731"
"2105 Kemper Cove, Austin, TX, 78746"
"12915 Scofield Farms Drive, Austin, TX, 78727"
"1301 Lost Creek Blvd, Austin, TX, 78746"
"200 Nueces St, Austin, TX, 78701"
"800 Embassy Drive, 502, Austin, TX, 78702"
